{
"meta":{"test_sets":[],"test_metrics":[],"learn_metrics":[{"best_value":"Min","name":"RMSE"}],"launch_mode":"Train","parameters":"","iteration_count":100,"learn_sets":["learn"],"name":"experiment"},
"iterations":[
{"learn":[14.005006],"iteration":0,"passed_time":0.005282869226,"remaining_time":0.5230040534},
{"learn":[13.14441192],"iteration":1,"passed_time":0.01085157442,"remaining_time":0.5317271465},
{"learn":[12.34258257],"iteration":2,"passed_time":0.01673560146,"remaining_time":0.5411177805},
{"learn":[11.64527793],"iteration":3,"passed_time":0.02021966414,"remaining_time":0.4852719394},
{"learn":[11.02766183],"iteration":4,"passed_time":0.02268103076,"remaining_time":0.4309395844},
{"learn":[10.43485794],"iteration":5,"passed_time":0.02591201291,"remaining_time":0.405954869},
{"learn":[9.890641275],"iteration":6,"passed_time":0.03094282609,"remaining_time":0.4110975466},
{"learn":[9.492161212],"iteration":7,"passed_time":0.03406044779,"remaining_time":0.3916951496},
{"learn":[9.105082953],"iteration":8,"passed_time":0.03662160236,"remaining_time":0.3702850905},
{"learn":[8.674157135],"iteration":9,"passed_time":0.04119386249,"remaining_time":0.3707447625},
{"learn":[8.341743544],"iteration":10,"passed_time":0.0463117591,"remaining_time":0.3747042327},
{"learn":[8.049372916],"iteration":11,"passed_time":0.04896976323,"remaining_time":0.3591115971},
{"learn":[7.757318612],"iteration":12,"passed_time":0.05332991512,"remaining_time":0.3569002012},
{"learn":[7.522206899],"iteration":13,"passed_time":0.05613149648,"remaining_time":0.3448077641},
{"learn":[7.297756655],"iteration":14,"passed_time":0.05948654092,"remaining_time":0.3370903986},
{"learn":[7.088359431],"iteration":15,"passed_time":0.06258502924,"remaining_time":0.3285714035},
{"learn":[6.882113791],"iteration":16,"passed_time":0.06541792492,"remaining_time":0.3193933981},
{"learn":[6.704728832],"iteration":17,"passed_time":0.07065148859,"remaining_time":0.3218567814},
{"learn":[6.563881962],"iteration":18,"passed_time":0.07335842913,"remaining_time":0.3127385663},
{"learn":[6.418790279],"iteration":19,"passed_time":0.07802106992,"remaining_time":0.3120842797},
{"learn":[6.315756953],"iteration":20,"passed_time":0.08104387448,"remaining_time":0.3048793373},
{"learn":[6.210157751],"iteration":21,"passed_time":0.08500810032,"remaining_time":0.3013923557},
{"learn":[6.115058449],"iteration":22,"passed_time":0.08711502149,"remaining_time":0.2916459415},
{"learn":[6.014819884],"iteration":23,"passed_time":0.08943346991,"remaining_time":0.283205988},
{"learn":[5.93117229],"iteration":24,"passed_time":0.09204553343,"remaining_time":0.2761366003},
{"learn":[5.844857622],"iteration":25,"passed_time":0.09392472408,"remaining_time":0.2673242147},
{"learn":[5.771145213],"iteration":26,"passed_time":0.09813323139,"remaining_time":0.2653231812},
{"learn":[5.704018229],"iteration":27,"passed_time":0.1011909378,"remaining_time":0.2602052686},
{"learn":[5.665806474],"iteration":28,"passed_time":0.1037870148,"remaining_time":0.2540992432},
{"learn":[5.616500369],"iteration":29,"passed_time":0.1069936421,"remaining_time":0.2496518317},
{"learn":[5.558023666],"iteration":30,"passed_time":0.1108975331,"remaining_time":0.2468364447},
{"learn":[5.510080976],"iteration":31,"passed_time":0.1154568992,"remaining_time":0.2453459108},
{"learn":[5.468747792],"iteration":32,"passed_time":0.1181543854,"remaining_time":0.2398892067},
{"learn":[5.429275534],"iteration":33,"passed_time":0.1211057556,"remaining_time":0.2350876433},
{"learn":[5.402117324],"iteration":34,"passed_time":0.1245041425,"remaining_time":0.231221979},
{"learn":[5.367635151],"iteration":35,"passed_time":0.1277156412,"remaining_time":0.2270500287},
{"learn":[5.345181232],"iteration":36,"passed_time":0.1301950543,"remaining_time":0.2216834709},
{"learn":[5.319151269],"iteration":37,"passed_time":0.1332058514,"remaining_time":0.2173358628},
{"learn":[5.296134146],"iteration":38,"passed_time":0.1361692593,"remaining_time":0.2129826876},
{"learn":[5.269629003],"iteration":39,"passed_time":0.1381438278,"remaining_time":0.2072157417},
{"learn":[5.251147059],"iteration":40,"passed_time":0.1448050645,"remaining_time":0.2083780197},
{"learn":[5.248003302],"iteration":41,"passed_time":0.145787544,"remaining_time":0.201325656},
{"learn":[5.232376509],"iteration":42,"passed_time":0.1482807543,"remaining_time":0.1965582092},
{"learn":[5.213524255],"iteration":43,"passed_time":0.150707371,"remaining_time":0.1918093813},
{"learn":[5.189691584],"iteration":44,"passed_time":0.1533930008,"remaining_time":0.1874803343},
{"learn":[5.166052198],"iteration":45,"passed_time":0.1591249402,"remaining_time":0.1867988429},
{"learn":[5.140406659],"iteration":46,"passed_time":0.1619003651,"remaining_time":0.1825684968},
{"learn":[5.118929684],"iteration":47,"passed_time":0.1650558791,"remaining_time":0.1788105357},
{"learn":[5.108792602],"iteration":48,"passed_time":0.1685279714,"remaining_time":0.1754066641},
{"learn":[5.098141225],"iteration":49,"passed_time":0.1730301298,"remaining_time":0.1730301298},
{"learn":[5.085926393],"iteration":50,"passed_time":0.1759534069,"remaining_time":0.1690532733},
{"learn":[5.067816804],"iteration":51,"passed_time":0.1788491712,"remaining_time":0.1650915426},
{"learn":[5.049834901],"iteration":52,"passed_time":0.1815470318,"remaining_time":0.1609945377},
{"learn":[5.03838627],"iteration":53,"passed_time":0.1844115359,"remaining_time":0.1570913083},
{"learn":[5.033534248],"iteration":54,"passed_time":0.1860912117,"remaining_time":0.1522564459},
{"learn":[5.023726885],"iteration":55,"passed_time":0.1887346474,"remaining_time":0.1482915086},
{"learn":[5.01290392],"iteration":56,"passed_time":0.1926126354,"remaining_time":0.1453042688},
{"learn":[5.005569127],"iteration":57,"passed_time":0.1961086734,"remaining_time":0.142009729},
{"learn":[4.989969032],"iteration":58,"passed_time":0.2011501971,"remaining_time":0.1397823404},
{"learn":[4.976762446],"iteration":59,"passed_time":0.2045347225,"remaining_time":0.1363564817},
{"learn":[4.967222715],"iteration":60,"passed_time":0.2073264089,"remaining_time":0.1325529499},
{"learn":[4.954407599],"iteration":61,"passed_time":0.2108720225,"remaining_time":0.1292441428},
{"learn":[4.942125056],"iteration":62,"passed_time":0.2137541803,"remaining_time":0.1255381694},
{"learn":[4.930230716],"iteration":63,"passed_time":0.2168164104,"remaining_time":0.1219592308},
{"learn":[4.921695642],"iteration":64,"passed_time":0.2198474788,"remaining_time":0.1183794117},
{"learn":[4.906405625],"iteration":65,"passed_time":0.2241123527,"remaining_time":0.1154518181},
{"learn":[4.894330248],"iteration":66,"passed_time":0.22772639,"remaining_time":0.1121637443},
{"learn":[4.88211557],"iteration":67,"passed_time":0.2304049691,"remaining_time":0.1084258678},
{"learn":[4.877946398],"iteration":68,"passed_time":0.2332639283,"remaining_time":0.1047997359},
{"learn":[4.863182126],"iteration":69,"passed_time":0.2361026025,"remaining_time":0.1011868296},
{"learn":[4.84646533],"iteration":70,"passed_time":0.2389456442,"remaining_time":0.09759751664},
{"learn":[4.838014752],"iteration":71,"passed_time":0.2422331841,"remaining_time":0.09420179383},
{"learn":[4.82981137],"iteration":72,"passed_time":0.2453486545,"remaining_time":0.09074539276},
{"learn":[4.817094767],"iteration":73,"passed_time":0.2479737479,"remaining_time":0.08712591143},
{"learn":[4.808314151],"iteration":74,"passed_time":0.2508726393,"remaining_time":0.08362421309},
{"learn":[4.796235023],"iteration":75,"passed_time":0.2535837475,"remaining_time":0.08007907815},
{"learn":[4.784434534],"iteration":76,"passed_time":0.2560970719,"remaining_time":0.07649652796},
{"learn":[4.774402487],"iteration":77,"passed_time":0.2589444646,"remaining_time":0.07303561822},
{"learn":[4.76731896],"iteration":78,"passed_time":0.2617550692,"remaining_time":0.06958046144},
{"learn":[4.75934113],"iteration":79,"passed_time":0.2646574824,"remaining_time":0.06616437061},
{"learn":[4.754106378],"iteration":80,"passed_time":0.2669298098,"remaining_time":0.06261316526},
{"learn":[4.744002932],"iteration":81,"passed_time":0.2695461525,"remaining_time":0.05916866762},
{"learn":[4.731700554],"iteration":82,"passed_time":0.2723219507,"remaining_time":0.05577678508},
{"learn":[4.723284153],"iteration":83,"passed_time":0.2750485172,"remaining_time":0.05239019376},
{"learn":[4.712232782],"iteration":84,"passed_time":0.2775963318,"remaining_time":0.04898758796},
{"learn":[4.703046867],"iteration":85,"passed_time":0.2801292715,"remaining_time":0.04560243954},
{"learn":[4.698601855],"iteration":86,"passed_time":0.2828274749,"remaining_time":0.0422615767},
{"learn":[4.692429407],"iteration":87,"passed_time":0.2856844715,"remaining_time":0.03895697338},
{"learn":[4.675027364],"iteration":88,"passed_time":0.2883693365,"remaining_time":0.03564115395},
{"learn":[4.662368584],"iteration":89,"passed_time":0.2910565358,"remaining_time":0.03233961509},
{"learn":[4.646206172],"iteration":90,"passed_time":0.2933867857,"remaining_time":0.02901627551},
{"learn":[4.641245848],"iteration":91,"passed_time":0.2961373499,"remaining_time":0.02575107391},
{"learn":[4.633900435],"iteration":92,"passed_time":0.299529118,"remaining_time":0.02254520243},
{"learn":[4.624738236],"iteration":93,"passed_time":0.3020657113,"remaining_time":0.01928079008},
{"learn":[4.612798287],"iteration":94,"passed_time":0.3048926278,"remaining_time":0.01604698041},
{"learn":[4.605222001],"iteration":95,"passed_time":0.3076958435,"remaining_time":0.01282066015},
{"learn":[4.601725912],"iteration":96,"passed_time":0.3103328094,"remaining_time":0.009597921941},
{"learn":[4.59722371],"iteration":97,"passed_time":0.3130278283,"remaining_time":0.006388323027},
{"learn":[4.580235665],"iteration":98,"passed_time":0.3161701501,"remaining_time":0.00319363788},
{"learn":[4.57591791],"iteration":99,"passed_time":0.3189769748,"remaining_time":0}
]}